Area,Africa,Asia,Europe,Northern America,South America,Oceania,World
Africa,0.9999999999999998,-0.1425948402408282,-0.15373619850193826,-0.13815696930650032,0.07306865578426994,-0.14077284725231579,-0.17752508896617714
Asia,-0.14259484024082822,1.0,0.5204150516098597,0.4676775347154025,-0.24734596433093609,0.47653258817348204,0.6009432341675427
Europe,-0.15373619850193826,0.5204150516098597,0.9999999999999999,0.5042185691324736,-0.2666718389446066,0.5137654942096882,0.647896713375786
Northern America,-0.13815696930650032,0.4676775347154025,0.5042185691324736,0.9999999999999999,-0.23964800370365277,0.46170182628375617,0.5822405342129784
South America,0.07306865578426994,-0.24734596433093609,-0.2666718389446066,-0.23964800370365275,1.0,-0.24418552309767144,-0.30793620757325113
Oceania,-0.1407728472523158,0.47653258817348204,0.5137654942096881,0.46170182628375617,-0.24418552309767144,1.0000000000000002,0.5932647350206011
World,-0.17752508896617714,0.6009432341675427,0.647896713375786,0.5822405342129783,-0.3079362075732511,0.5932647350206011,0.9999999999999999
